{
   "type":"pearfection:huge_pear",
   "config":{
      "base_block_provider":{
         "type":"minecraft:simple_state_provider",
         "state":{
            "Name":"pearfection:lampear_block"
         }
      },
      "tree_leaves_provider":{
         "type":"minecraft:simple_state_provider",
         "state":{
            "Name":"pearfection:callery_leaves"
         }
      },
      "flowering_leaves_provider":{
         "type":"minecraft:simple_state_provider",
         "state":{
            "Name":"pearfection:flowering_callery_leaves"
         }
      },
      "fruit_provider":{
         "type":"minecraft:simple_state_provider",
         "state":{
            "Name":"pearfection:lampear",
            "Properties":{
               "hanging":"true"
            }
         }
      },
      "feature":{
         "feature":"pearfection:huge_pear_stem",
         "placement":[

         ]
      }
   }
}