{
   "type":"pearfection:huge_pear",
   "config":{
      "stem_provider":{
         "type":"minecraft:simple_state_provider",
         "state":{
            "Name":"pearfection:callery_stem"
         }
      },
      "fruit_provider":{
         "type":"minecraft:simple_state_provider",
         "state":{
            "Name":"pearfection:lampear",
            "Properties":{
               "hanging":"true"
            }
         }
      },
      "foliage_provider":{
         "type":"minecraft:simple_state_provider",
         "state":{
            "Name":"pearfection:callery_leaves",
            "Properties":{
               "distance":"7",
               "persistent":"false",
               "waterlogged":"false"
            }
         }
      },
      "flowering_foliage_provider":{
         "type":"minecraft:simple_state_provider",
         "state":{
            "Name":"pearfection:flowering_callery_leaves",
            "Properties":{
               "distance":"7",
               "persistent":"false",
               "waterlogged":"false"
            }
         }
      },
      "base_block_provider":{
         "type":"minecraft:simple_state_provider",
         "state":{
            "Name":"pearfection:lampear_block"
         }
      }
   }
}