{
	"credit": "Made with Blockbench",
	"texture_size": [32, 32],
	"textures": {
		"0": "#all",
		"particle": "#all"
	},
	"elements": [
		{
			"from": [5, 1, 5],
			"to": [11, 7, 11],
			"rotation": {"angle": 0, "axis": "y", "origin": [0, 1, 0]},
			"faces": {
				"north": {"uv": [0, 1.5, 3, 4.5], "texture": "#0"},
				"east": {"uv": [0, 1.5, 3, 4.5], "texture": "#0"},
				"south": {"uv": [0, 1.5, 3, 4.5], "texture": "#0"},
				"west": {"uv": [0, 1.5, 3, 4.5], "texture": "#0"},
				"up": {"uv": [0, 4.5, 3, 7.5], "texture": "#0"},
				"down": {"uv": [0, 7.5, 3, 10.5], "texture": "#0"}
			}
		},
		{
			"from": [6, 7, 6],
			"to": [10, 10, 10],
			"rotation": {"angle": 0, "axis": "y", "origin": [0, 1, 0]},
			"faces": {
				"north": {"uv": [0.5, 0, 2.5, 1.5], "texture": "#0"},
				"east": {"uv": [0.5, 0, 2.5, 1.5], "texture": "#0"},
				"south": {"uv": [0.5, 0, 2.5, 1.5], "texture": "#0"},
				"west": {"uv": [0.5, 0, 2.5, 1.5], "texture": "#0"},
				"up": {"uv": [0.5, 5, 2.5, 7], "texture": "#0"},
				"down": {"uv": [0.5, 5, 2.5, 7], "texture": "#0"}
			}
		},
		{
			"from": [8, 10, 5.5],
			"to": [8, 16, 10.5],
			"rotation": {"angle": -45, "axis": "y", "origin": [8, 12.5, 8]},
			"faces": {
				"north": {"uv": [3, 13, 5.5, 15.5], "texture": "#0"},
				"east": {"uv": [3, 12.5, 5.5, 15.5], "texture": "#0"},
				"south": {"uv": [3, 13, 5.5, 15.5], "texture": "#0"},
				"west": {"uv": [3, 12.5, 5.5, 15.5], "texture": "#0"},
				"up": {"uv": [3, 12.5, 5.5, 15.5], "rotation": 90, "texture": "#0"},
				"down": {"uv": [3, 12.5, 5.5, 15.5], "rotation": 270, "texture": "#0"}
			}
		},
		{
			"from": [8, 10, 5.5],
			"to": [8, 15, 10.5],
			"rotation": {"angle": 45, "axis": "y", "origin": [8, 12.5, 8]},
			"faces": {
				"north": {"uv": [0.5, 10.5, 3, 13], "texture": "#0"},
				"east": {"uv": [0.5, 10.5, 3, 13], "texture": "#0"},
				"south": {"uv": [0.5, 10.5, 3, 13], "texture": "#0"},
				"west": {"uv": [0.5, 10.5, 3, 13], "texture": "#0"},
				"up": {"uv": [0.5, 10.5, 3, 13], "rotation": 90, "texture": "#0"},
				"down": {"uv": [0.5, 10.5, 3, 13], "rotation": 270, "texture": "#0"}
			}
		}
	],
	"display": {}
}