{
  "parent": "minecraft:recipes/root",
  "criteria": {
    "has_callery_planks": {
      "conditions": {
        "items": [
          {
            "items": [
              "pearfection:callery_planks"
            ]
          }
        ]
      },
      "trigger": "minecraft:inventory_changed"
    },
    "has_the_recipe": {
      "conditions": {
        "recipe": "pearfection:callery_slab"
      },
      "trigger": "minecraft:recipe_unlocked"
    }
  },
  "requirements": [
    [
      "has_callery_planks",
      "has_the_recipe"
    ]
  ],
  "rewards": {
    "recipes": [
      "pearfection:callery_slab"
    ]
  }
}