{
   "block.pear.break":{
      "category":"block",
      "subtitle":"subtitles.block.generic.break",
      "sounds":[
         "pearfection:block/pear_block/break_1",
         "pearfection:block/pear_block/break_2",
         "pearfection:block/pear_block/break_3",
         "pearfection:block/pear_block/break_4",
         "pearfection:block/pear_block/break_5"
      ]
   },
   "block.pear.step":{
      "category":"block",
      "subtitle":"subtitles.block.pear.step",
      "sounds":[
         "pearfection:block/pear_block/step_1",
         "pearfection:block/pear_block/step_2",
         "pearfection:block/pear_block/step_3",
         "pearfection:block/pear_block/step_4"
      ]
   },
   "block.pear.hit":{
      "category":"block",
      "subtitle":"subtitles.block.generic.hit",
      "sounds":[
         "pearfection:block/pear_block/step_1",
         "pearfection:block/pear_block/step_2",
         "pearfection:block/pear_block/step_3",
         "pearfection:block/pear_block/step_4"
      ]
   },
   "block.pear.place":{
      "category":"block",
      "subtitle":"subtitles.block.generic.place",
      "sounds":[
         "pearfection:block/pear_block/step_1",
         "pearfection:block/pear_block/step_2",
         "pearfection:block/pear_block/step_3",
         "pearfection:block/pear_block/step_4"
      ]
   }
}